1,199,1157
1,98
3,136,154
1
8
1,29,38,58,59,127,143,181,242,644
1,3,181
1,6,31
1,38,143,236,644
1,17
20,104,253
1,26,38,86,172
1,3,8,13,26,30,34,48,55,57,101,180,233,257,437,497,748,947,3100,3144,9877
1
1,59
16
1
47,136
3,27,257
1
1,13
1
65
4
3,26
2,3,6,8,20,26,28,31,44,46,47,48,56,57,63,70,78,103,128,136,137,144,151,159,185,207,226,257,259,262,269,306,310,316,404,547,630,634,658,812,907,928,939,959,1090,1214,1248,1261,1540,1666,1824,2005,2045,2301,2501,2542,2625,2958,3074,3489,3860,4197,9801
0,2,3,5,8,20,57,513,838
710
1
3,26,27,304
170
1,152,312
0,1
1
6
1
0,2,13,17,32,98
1,14
0,1
1
5,61
24,197
10
6,20
1
1,38,143
240,874
1
1,128
1
1,2
3
0,112
8
1,86
20,1968
27
38
2,44,55,164,234
26,27,44,72,107
61,144,327,470,500
199
0,1,2,7
6
65
68
215
35
1,2
1,3,9,26,42,95,106,118,141,154,198,234,302,2625
1
2,8,12,22,35,338,385,1754,3626
8,57
1,31
2,40,261
15,38,5448
1
1,53,129,135,191,205
107,184
14,174,575
80
8
6
6
3,20,778
1,3
1,3,8,28,46,53,54,61,70,135,141,156,181,247,284,303,354,404,413,737,1729
1
517,747
2,3,5,8,20,31,57,207,1448
0,2,5,160,3103
160,234
1
2,8
1
10,15,33,288
1
3,6,8,20,116,306,4404
1,160
1,3,26,141
408,732,787,8286
0,3,8,46,101,156,160,186,207,226,269,351,436,504,559,709,907,939,1248,1353,1369,2045,2196,2606,3860,4283,4458,5625,8127
1
0,2,3,92,162,173,208,583
3
1
6,13,31,32,42,98,281,311,873,881,1304,1620,1641,2741,3320,6064,6750,8961
0,138
15,31,38
36
1,181
1,24,54,58,63,70,195,746,1498
2,38
1,2,1621
3
1,141
1
1,26,198
1494
347
1
63
1
1
5
0
1
8,11,237,259,283,373,452,674,940
1
1,246
1
1,20,447
3,28,71,87,92,156,273
6,31
1,8,19,26,46,55,127,185,226,494,893,951,3074
0
274,375
11,49
423
2,3,8,20,22,57,138,156,337,372,498,1200,1623,2864
1,8,28,44,135,141,181,185,247,500
1,32
84
1,143,181
8
3,6,8,31,44,136,229,306,318,369
0,1,40,71,186,223,334
1,31
1,29,135,376
1
1,59
1,8,14,53,58,59,143,637
128,170
0,1,2,8,20,28,34,53,58,70,260,313,468,2005,3139
1,26,31
1
1,181
0,282
1946
2,3,5,8,10,12,20,22,30,31,35,43,54,57,74,89,105,124,138,156,160,393,801,869,924,998,1104,2104,2618,2746,2789,4473,6158,7756
8
6
2,8,136
1,2,160,759
8,35,487
62,127,141,429,715,1017
87,256,293,332,564,1720,2634
6
1
448
170
8
1,141
1041
158
1
2,111,232
38
0,2,5,30,152,166
1
0,40,71,199,261
0,2,5,7
1,2
1,22
1,2456


516
2,35,144
143,629
1
1
1,2,3,6,8,57
1
170
28,87
1
146
6,8,20,28
0,1,2,9,26,27,34,53,61,83,84,86,135,145,146,205,213,234,236,303,413
1
0,2,5,8,57,103,269
93
1
0,2,20,22,56,64,70,91,163,382,427,1377,2167,4139
61,820
1,80
3
357
73,199
43,89
1
170
151,211
101,105,246,803
47,136,144,164,171,185,226,257,264,316,630,3287
2,3,6,8,20,28,47,70,116,273,307,404,447,667,720
1,2,3,8
778
1,813
13,17,32,42
3,6,20
6,31
1,54,685
3
6,31,441
1
42,68,201,281,465,824,927,1416,2779
3,20,193
16
86,236
225,268,283,4244
2,8,164
1,3,69,91,141,284
1,2,3,12,28,51,92,123,129
1,127,141,890
154
140,549

2,3,5,20,57,85,103,138,269,404,4354
8
0,1,2,3,5,8,22,71,103,186,207,224,351,943
0,2,8,56,224,269,278,336,372,533,789,1022,1261,1293,1666,2318,2814
80
1,1830
6,56,144
3,20,87,92,116,193,447,720
1,2,27,57,278
38
79,230,419,1381,1516
1,3,8,135,1021
6,8,57,404
30,31
167
1,54
2,3,8,44
1,22,34,53,54,63,64,72,83,91,135,145,174,242,383,413,597,1013,1295,4050
3,6,31,264
2,726
2205
0
1
0,2,3,73,116,136,225,277,295,1965
454
7
240
199,246,312
8,46
61,69
1,80,302
1,3,8,15,16,31,44,47,55,57,127,128,141,306,422
252
0,231,289
6,94
6,47,630
1,26,70,500
3,26,234
38
1
1
206
326,2024
5
0,43

20
1,53,183
1
311
14,21,326,873,2316

170
55,61,144,1008
3,6,20,44
813
0,3,56,69,127
20
20,104,107
8
3621
1
0,1
578,797,887,943,1821,2681,3156,3780,4650,5986,7884
1,6,92
2

1,85
48,137,165,400,750
3,20,144,214,295
44,47,306,3108,3778
199
112,343
1,16,31
1,152
0,3,20,619
27,161
1,435
85,249
3,8,19
0,2,22,312,372,383,498,583,9546
16,27
2,60,64
0,3,8,46,101,337,559,939,2045,7268
1,2,3,5,8,20,57,71,103,138,207,306,1448
1,3,8,29,53,141,181
1,8,57,242,318
45,118,122,284
8
0,58,69,141,1510
1,44,407
1,154,172
1,2
22,30,105,112,145,166,282,285,367,423,2759
1,8,29,59,63,127,181
0,2
38
1,44
0,3,6,110,263,318
1
216
1
1,2,840
5,48,137
0,3,6,8,137,276
1,53
35
15,38,304
144
0,1,3,6,8,20,27,28,31,44,54,56,185,234,269,311,333
1,6
1,198
3,6,31,264
199
0,22,383,1960

1,6,181
1
170
1
3,6,31,45,50,94,158,268,368,441,2958
1,2
1,814,2320
1
116,128,193,277
313
154
112,174
1,8,70
31,55
0,51,1564
0,1,54,86
34,143,240,357,646
1,2,3,8
61
81
1640
0
3
3,72,164,1638
2
20,43,167,680
92
8,87
2,311
0,2,127,750,1012
1
1,2,22,54,70,86,135,383,667
2,61
191
43,89
136
1,27,140,181,412,549,838,8014
1,22
149,239
0
72,184
1
1,87
1,9
8
2263
94
184
1
1
6,199,789
143
170
1,6,26,44,45,47,72,127,141,304,413,685,1130
1
1,3
1
0,1,2,3,5,8,20,46,54,55,57,71,78,92,103,104,135,184,263,264,269,273,278,283,306,316,334,344,404,468,512,549,584,709,737,1084
126
3,214
218
0
1
1
43,72
1,8,58,198
144,240
6,31
6
8
246,374
10,30,112,380,423,1203,2599,3925
6,122,570,1942,2615,4673
1,3,21,236,3195
6,3778
0,2,3
615,1594
47,56,60,630,894
3,20
2,516
2
6,154,536
6,123,594,1321,2005
0,2,144,570,696
43
43,3500
1
1,51,61,69,123,146
1
1,2,22
44,61,140,457,525,549,625
11
1,72,107,135,146
19
0,2,3,62,626
1,3,8,826
1,2,3,8,388
0
618
3,46,101,105,466,559,803,1106,1239,2856,2891,3744,3835
30,246
1,48
10,72,1008
1,53
43,1321
1,2,84,91,129,521
1,26,51,55,123,129,166,172,199,665,1590
2,2990
0
0,1,1025
1,44
185
3,6,8,38,57,127,160,181,306,422,1157,1288,2780,3811,4491
0,1,181
0,1,3,5,6,8,9,20,22,31,35,54,56,74,91,94,103,156,162,184,214,257,278,287,373,720,993,1824,3489
55,89,381,1099
1
1,154
1
0,3,6
1,46,69,72,83,84,86,127,129,141,222,227,259
44,48,137
179
3,93
3,69,208,401,527,585,1321,4151
8
5020
1
2,138,224,422
1
55,144
6,13,31,32,98,112,154,281
3,28,31
3847
0
0
1,58,63
1
1,143
85,249,774
1,181
0,1,3,8,9,14,28,44,47,53,54,340,404
3,660
710
93
1
8
1,129,9923
5,112
1
1
38,686,786,826,2048,6104
1
8,3099
3
122
3,6,20,104
1,2,22
383
1,3,8,26,38,580,2052
637
549
1
702
0,2,3,8,22,54,71,597,759,1980
2
349
53,143,242
54,102,108
44,47
143
1,3,8,27,28,58,135,181
246,493
1,112,174
9962
143,2013,4587
347
127
3,31,44,47,136,144,164,630,1219
72,253
429
133,199
1
43
31
0,1,2,22,303,360,383,504
1,22,383
274,1402
0
2
2,5,336,337,372,414,498,619,1232,1941,2078,2089,2202,2618,2864,4119,4172,4285,6413,9546,11513
2
0,1635
162
284
0,1
1948
6,570
3
0,51,72
1,48
1
1
1
1
1,6,69,127,141,268,423
6,31,45,50,55,154,229,264,284
1
6
284
3,20
154
1
1,3,8,38,54,63,70,135
2,940
1,6,8,61,70,667,890
184
122,211
6,20,136,143
1
3,73
124,614,1655,1742,3107,4008,4494,4671,5704,5953,7644,9457,9786
374,9761
138
1,404
74
1,3,8
0,346
1,1025
63,143,242
398,3119
61
1,13,32,98
0,2,5
28
5
3,136,306
3,8,92
38
3,6,8,20,26,116,136,369
3,6,26,162,373
2
1
0,54,63

108
1,872
3,6,162,173,208,1053
0,1,26
74
3,20
1,26,637
6,85,94,778,6109
1
1
1,60,86
0,1,3,6,8,28,31,55,172,185,234
1
70,240
3,56,73
1
3,31,70,144,198,344,515,634
1,2,737
2
27
2,3,8,103,181,306,452
1,2404
1,8,181,306
1
109,1344
1
8,28
46
0,2,3,22,35,138,162,383,583,1623,2554
80
1,54,70,108,807,1114
43,594
2,72,146

1
1,2613
38,304
0,2,3,154
0,1,3
61,162
3,8,26,46,47,136,156,257,304,306,310,316,379,928,959,1933,2721
44,233
1
1,3,8
28
2
0,1,51,129,172
2,10,30,31,47,246,282
199
0,101
0,2,5,28,278
0,1,26,27,54,259
1,2
3,16
1
1
1
2,1086
1
34,38,240
674
1
257
1,38,85,181
2
1
0,2,43,89
246
43
1919
1,26,56,61,172,222,302
1
20
2,3
44,47,71,122,141,234,685,951,1971,3811
1,60,759
112,873
1,2
2
1,800
0,2,8,22,35,156,285
1
1,53,813
0,43
20,143
108
0,3,55,156
170
0,436
199
9807
6
3,8,44,47,57,103,207,283,590,674,939,940,1222
0,72
20,116,409
30,170,177,404
3,105
146,587
3,6,8,20,55,144,344,637,709,922,1003
1
20
2,8
48
3473
4354
50
1,3,8
42,398,891
2,57
1
170
1221
51,55,144,346,2188,6816
170
1,246,302
1,154
2,8
57,3778
514
154
1,2
60,638,735
16,38,181,242,354,1009
2,1253
28
89
1,8
38,339
1,242
1,2,3,46,135,184,327,7334
31
57
61,154
3,44
38
2,3,8,9,22,28,54,86,383
60,1298
1
413
44,47
3
1,278
1
0,1,3
44,47
1,8,226,418
5431
0,5,22,24,494
1,85
38
1
69
1,2
1,8,53,135
1,13,29,98,242
3,20,59
101,105,367
5,26,140,278,549
6
2,1321,3747
6
1,51,70,343,404,414
61,1221
1
1,63,181
283
3,149
3,316,4197
2,327,1321,1904
2,8,224
1
0,2,5,282
1
342
881,3223
1,70

103
8,43
1,38,143
1,3,156
92
53,54,85,242,468
38
1
2,346,567
44,47,185
1,58
625
1
43
28,116,244
1552
0,2,5,62,87,160,801,1565
1
1,493
19,170
45
43,1321
2,57,103,138,184,708
1,6,143,160
31
2
55,144
873,1099
3103
451
1
1,61,87
1,86
710
184
170,264
1,8,84,135,141,283
2,242,2606
1

1
214
38
1
1
48
26
1
38
160,306,366
1,8,27,107,135
35,335
2
43,72
30
6,154
1
1,35
44,184
1
26,107
2
48
1,35
5,61
1,135,247,413,585
6,31,94,229
0,1,71,887,1244
1,2,62,204
1,22,53
1
548
1,27,240
1,49,61,135,540
731
3,26,44,51,69,123,172
3,20,72,199
8,38,249
1,48
2,44,47,103,127,141,278,1012
6
8
240,874
3
1
6,31,162
8,42,63
1,30
1
2,633
1,54

3,316,2625
1790
8
55,101,105,367,1239
273
2,27,61,224,455
170
1
0,51,123
2
38
112
3
20,637
2,559,2606
93,170,196
1,3,30,198
26,63,240,303
16
1,6,4404
4589
187
0,2,3,72,136,162,184,1965
1,1741
418
102
1
1
1,8,53
281
0,1
28,53
1
20,447
3,56,171,1498
0,20
56,60,165,1285,2005
0,2
2
51,61
0,2,6,45,118,122
1
6
1
6,72
1,26,234
2,72
1,34,38,147
1,2,54,63,91,154,476,504
3,316,4197
38
31,144,199
80
1
3,8,47
3,8,20,31,316

143
1
3,6,8
1,2
8
153
74
947
0,2,3,5,8,20,31,57,71,207,1448
1
1
180
1
3778
1
1
253,1084
1
38
1,3,6,8,20,31,44,55,57,143,229,306,812
72,136,184,282,512,593
2,146,164,181
2590,4444,5612
1,54,141
6,27
8
16
43,739
170,1157
306
1
2,72,146
1510
1
3,61,72,312
92
1,29
66
860
1,9
2
1
1
2
1,8
8,143
3,20,28,72,149
569
349
6,44,57
1,54
2,3
1,5,53,69,72,87,141,154,219,246

8,344,1613
2
3252
73
2
0,8,46,55,101,105,367,1239,3299,4658,11515
164
1
2,72,172,632
53,55,144,236
84,240
1
2,138,269,1448,2606
1
1,6793
1,8,28,86
184,500,898
1,128,198
1,3
234
199,1737
8
3,44,316,893
1,86
2,327,915
1
1
2,6,3588
31,112
1013
8
90
43,89
304
1
34,283
349,3152
181
57
31,42,154,201,281
2,8,504
143
1,3
1,140
0,1,597
30
43
55
203,3131
1
45,5786
47,56,564

1,8
1,35
22
2520
1
44,47,57,304,457
1,22
1,8,644
1
180
3
8
0,2,22,269
170
61,346
1
2,8
0,3,8,46,55,207,939
11
0,2,3,8,20,57,103
2,3,156,623
38
3,6,8,185
1,2,35
38,339,826,1009,2048,2705
1,2,13,32,84,98
852
3
3,6,8
8,436
43,89,361
3
44,47,304,630
8
102
1,666,792
8
0,1
1,8,53,1779
1
207
1,30
1,302
2,43
78
614,743,1324
199
0,1,2,8
1
1
55,2071
3
8
1,48
22,3719
43,78,341
1,227
0,2606
26,69
31
2,72,124
43,138
57,500
1,70
26
1,874
1,8
199,1430
1,84,1426
143
2,53
1,191,2380
1,72,84
8
1
1
31,110,311
940,8576
167
381
1
0,1,2,416
7,35
1946
306
173,208
47,170
8,20,136,273
6
72,78
318
485
133,199
1,2,3,8,9,22,28,54,383
3207
1,44
44,127,141,160,223
3,6,104,344
30,112,152,166
4234

350,803
170
174,2961
27
0,1,2,54,404
143
0,8,46,207,939
51,61,146,204
1,8
2,3,372

1
771
314,414,914
366
38
170
31,38
5
80
1
0,8,46,72,152
1,38,2052
1,8,302,1729
1
240,362
6,141,144,234
27,585,1633
2
236
838
1
1
222
3
0,6,20,69,73,104,123,141,145,214,244,247,869,1124
1
2
63,143,181,10263
122
6,8,47,164
3
1
38
3,72,74,145
26
199,1075,2044
1
8,73
61
1
0,1,6,28,42,43,55,69,85,89,118,122,247,557,868,6093
3,20,104,184,709
69
3,8
674,702,940,1221,1222,2214

1
2,1255
3,28,56,90,1653,7287
2,224,398,943,1207,1321,3783
0,2,3,5,8,20,26,47,56,69,71,103,156,160,269,334,351,422,513,756,998,1009,2317,2318,8127
1,163,1013
0,3,20,26,44,172,199,244,246
0,6,51
1
43
61
26,199
6,671,1889

3
1
44
0,1,5,48
44,57
1,1026
0,26,44,61,145,146,154,266,281,282,476
0,1,2,61,160,388
1,22,64,84,90,92,227,2022
1,160
3,73
48
2,512,1480
20,116
43,594
27,114
2,8,151,159,533,671,1889
44,47,122,136,141,264,306,318,422,789,812,1467,1483,1488,1758,3440,3598
225,268
1,2,27,124
1,28,80,135
3
2,818
26,198
1,8,35
1
6,110,112,355
27
8
3,8,44,47,70,269,306,512,674,1022,1289
3,6,8,31,57,306
42,381
2
4234
431
199,246
170,242
86
6,187
54,314
2
1,22,504
2618
214,467
74,138,342
1,2,3,8
144,926,1216
1,6,57,926
0,1,6
311
1,737
1,283,674,940
3,8,47,136,316
3
8,143
1,3,135,234
2,6
1,3,8,9,14,19,38,53,63,70,143,185,242,306
2,57,103,1651
1
1,2,54,61
164
3,392
1,31
1,2,26,56,162
38,242
0
1
31,45,110,311,458
3,74,167,193
0
6,184,533,1889
1
8
143
0,3,20,225
0,1,8,141,198
1
1640
3
1
0,2,43,89
3,104
31
38,786
3,20,116,447
47
38
1,141
2,3,8,35
422
0,2
2,3,6,8,47,56,57,103,136,172,184
0,1,2
20,104
196
311
8
8,199
3,104,116,124
2,26
43,89,594
1,14
1
3,8,57,404
57
1
1,80
170
1
0,1,55
3,6,44,47,136,306,316,556,634,1933,3440
630,1012
199,436
6,122
11
685
38
1
1,22,53,80,84,285,521,1574
63,143,181
3
436,1080
1,30,665,813
3
2,8,20,48,58,64,108,648,1980,4169
333
1
343,514
3
6,151,491,827
56,184
1,2,53
3
990
2,89,124,146,594
43,89,1067
1
47
381
1
42,7895
35
1
1,53,257,2052
6,31,441
2
1,306,549
26
318,665,813
306
6,118,122
873,881,3044
1
2,3,940,1289
1,22
735
56,114,161,304
284
8,38,53
570,1255
1,3,302
4578
2
2
2
0,2,62,203,924,2159,2789
108,3482,5229
1
1,742
1
1
2,3
6,31,45,118,122,229
2,26,27,72,172
1
2
2
1

1
1,302
3,44,136,337,375
3,6,8,20
1
1,5
2871
803,7268
1324
1,1025
103
4180
1,4404
2213
143
1785
44,234,549,2721
3,74,193,517,7842
1,284,890,2620
13
89
213
16
374
1,61,72,84,146,166,222,282
3,6,47,136
0
3,283
0,6
101,350
1,8,596
1,181
1,154
31,94,127

26
27
1
43,89,295,514,530,594,1067,2885
1,327
1477
3,2625
666,674
12,20,53

1946
199
0,1,51
381
2,513
44
8,44,47,263,306
257
0,1,172
3,20,47,1646
1,2,72,164,413
30,493
3,73,539
381
1
1
1,2
2,3,8,9,22,28,54,236,383
521,736
381
19,143
203
42,281

390,564
1,31
1
170,217
2,3,47
2,57,1084,2213
2,42
43
26,172,198,259
38
2,114
10,16
43,89
1,44,64,135,463
8,53,143,181
1
43,89,174
35
1
0,1,2,22,54,60,91
20,53,354
1,2
47
2,726
3,20,74,149,1919,3176
3
1,2
0,26,44,72,127,763,4231
60,112
199,227,286
1
1,302
38,786
27,114,1313
1,64,129,191
1,556
349,911
38,786
0,4487
91
1,124
3,6,20,31,116
63,286
926
26,44
1
380
1,8,59,63,404
6,59,164,3778
6,31,42,55,796,1102
6,740
55,105,568
1,2,198
70,786
1
31
7779
374,514
2
3,6,8,136,306,316
2,124
1,154
1,6
6
43
3
1
1
0,2,3,56
8,47,57,164,306
1
0,1,2,8,71,186,199,213,224
1
2
555
1
72,74
0,8,311
3,74,116
30,55,144,177
2,43
143
199
1203
55,144
1,2
1
1,63,181
1552
1,85,284,638
20,92
0,1
199,1374
43,89
1,63,181
1,2,22
143
6
436,789
1
3,8,57
2
170
170,2705
3,6
199
31,170
144,240
286,1321,6582
8
1
22
170
2,3,44,198
1
1640
3,6
1,832
2,3695
2,51,123
38
71,273,480
38,842,1009
80,1205
1
8
1
1,38
1
26
1,38,135
199
2,43
34
5518
1,26
1,44
436
1,181
84
2007
1
8,16
587
1,127
2,1448,2606
31
2
1,181
1
288
35
5
8,136
1
20,447,1033
1,129,222
3
154,890
1,8,128
31
0,43
1,8,57
48
60
1253
1,8
3
1
1,3

112,381
1
1
2
38
94
20,193
6,497
1
1,34,409,1220
1,31,44
1,3811
170
1,2686,7934
344
1
471,487,4147
1,61,129
55,144
1
56
8
1,3,6,8,711
38
1
1,28,123
184
170
1
2,138,891
47,136,229
366
170
1
3488
1,3,26,2625
1

1
3621
53
0,94
1
8,47,136,3778
1,3,141
1
20,104
1
5
8
436
1,31
0,2,93,103,422
1
22
1,181
2
29
2,3,44,697
1
8
57
6,57,127,306,3925

286
3,44,69,585,759
633
813
1
1,129,1753
1
47
8,136,170,2045,3074
1,302
1
104,344,802
0,885
366
582,872
3,20
1,143
0,1,2,22,44,172
2,198

2,44
1,2
3
1
1760
8,288
26,61,69,107
1
0,2,140,304
1
1
3,6
1
164
4234
1
1208
30,497
1,31
64
57
43,89
346
43
20,344
27
1
1
2205
1,129,205
1,61,83
2,173,208
1
0,8,487
20,73
2
170
0,1,2,8,72,86,135,172,303
1527

1,6
1,181,2705
43,132,594,1321
3828
1,22
614,743
760,1393
2,8,28,57,332
1
1,3,141
381
1
170
6
0,1795
1
1,234
2,4354
135,2505
1,53,236
143
2,43,89
1,30,141
624
0,1,14
1
2097
1
56,184
164
3,124,626
2,269

538,1738
2,35,335
1,21,54,597
127,556
122
1
92
3,8
122,311
1,205
1
1,181
1
38
493,3932
31,172
1
436,1508
1
26
2
1,26
4619
0,2,3,8,31,224
1
2,332
1477
2035
3
58
6
3,208
1,2,3362
1,3,6,20
154
3,26
38
1
14,70
8

47,57
9009
2,5,20,22,51,152,166,204,213,327
0,2
381
1,103
3,214
61
1,154
6
1
38
3,8,55,70
3
2,8
1
1,3,8,9,14,28,53,404
35,346
1
1,61
1,54
0,51,74,123,342,672
6,69,103,141,172,234,247,759
6
1
418,940
1
28,2467
2
1,2
74,648,1321
2,51,94,150,152,341,485,491,631
30,31
1635
1
1,874
1
57
1
379
1
3,20
1,3
1,826
143
1,8,70,355
2,1241
103
284
1,140,217
55,101,105,367,952,1239
2,31,144,151,154
1,15,38,748,786
1
35,1623
1
2
54,5773
1,3,6,29,44,47,63,181,242,288,404,468,891,2362,4586
42
313
1,2
31
43,89
1
2305
890
6,11390
3,564
283,674,940,1222
1,31
174,2961
1
2717
8,47,164
2
30,128
3,20
1
1
44,47,57,306,1261,9801,11716
1
74
6
26
1
1
1,3,64,83,129,135,172,205,983,6027
6,26,107,706
214
2,3,224,943,3742,3783
2
1
0,8,199,939
1
1,593
234
1,38
1
1,128
762
392
8,160
1
43,89
381
1
94,229
6,72
107
3,20,46,344
26,47
1,48
268
3,20,214,539
1,2,360,404
1
1,2
0,273
3
3,44,47,56,185
1,7802
1,53
1,172,203,303
1,86
381
6,13,17,31,98,478,873,1304,1871,3320,4661,5856
1,3,6,26,86,198
2,3,20,28,47,70,104,184
199,434
51,597
8
6,268
92,162,208
3,713
8,514,594,1392
1
1
72,213
199
1
1,8
1,1025
2,6,198,934,1455
70
208
8
122
0,8,141,160,1904
1
143
1
666,674
4234
0,1,31
8
229
1
1
1
1
1
61
6,31
1,31
104,802
31,3230
0,26,44,145,154,266,332,476,494,697
3,20
152,5968
6
1
1
16,112

151,211
8
462

57,103
0,51
1737
981
172,246,247
801,1099
35
1
6,72,585

1,1133
1
2,8,103,306,452
1,22
1
1
8
112,350
16
1
8,60
43
1
1986
3,74,167,193
2
6
35,214
1
3,69
1,2,61,172
8
127
47
311
112
1,30
0,3,20
1
1,38
2,10615
16
3
1,8
1,8,199
2,526
63,143,181
141

0,1
292,2722
0,22
2
1
1,55,72,83
3
1,789
1
74
6,229,3778
642
1
170
6808
497
1
1899
1075
61,585
1
1,303,404,2052
1,31
3,234
1
8,249
1,688
1
1
16,55,397
6
6,27,151,154,211
1
1,2961
327,623
1
0,21,743,1324
1,61
74,2336
1
380
43,89
26
43
2,8,184,269,1022
2768,5136
1,26
0,2,43,89
8
3463,8858
0,2
514,1928
3,8
44

8,44,257
1,986
1
3
57
1
30,300
6566
143,951
380
38
4135
55,132,144,398,2071
6,759
56
1,38,63,143,181
1273
193
2
1,44,55
8
1
1,302,9268
22
107
2707
1,26,86,107,146,413
6
129,463,5254
43
0
63,70
1
1,54,85,597,774
38
44,47,140
20
112,1021
1,181
8
43,144,470,729,782

1
0,1
55,631
15
2,28,149,278
44,47,57,306
45,94
2
3
0,3,6,31
2,43
13,112
1
47,143,242,404
1,54,2686
283
1622
1,240
1
10340
286
38
1
1
1,2
1,53,144,671
1270
1
1,2
1
10028
43
1
8
1
124
3,144,184,185
15,38
1
84,236
1,181,1946
1
21
1
1
2,124,3053
44,2002
1,22,84
1,112
1
65,72
38
3,6,8,31,44,47,57,103,264,304
20
3
89,1595
1
1,1448
1
2
33
1
1,2,20,22,73,124
42,311,1026
1
3
0,2,3,8,12,54,144,181,256
986
38
1
247
2,234
311
1,48
1,3
1,2
350,2856
57
27
143
0,1,2,8
20,497,1968
2,3,5,8,20,57,103,404,4354
538,1738
0,1
762
1
1
3,20
3,20,392
1
0,2,3,6,8
529,2463
346
2,346
1
3,26,35,56,138,487
177

3,199,497
1,129
346
116,193,447,747
43,89
1
8
357
43
6,199
1
38,53,5944
1
1622
1
1
1,8,302
10,72
6,50
666,940
3621
2,85,249,708
1
2
337
2,8,20,31,103
3,6
30,160
1,1220
1,983

74,447
28,193,225,447,3279
38
1
35,1623
2,8
29
269
313
69
1,22
6,47,57,3778
1
1075
1,61,62
2,3,1288
0

1,154
3141
1
0,2,71,224
1,164,3108,3778
490,881
46
2,55
3,6
2,199,224,1241
0,2,43,89
1
8
1,9
43,89
1,22
2,10250
223
44,47,56,856,1933,2886
6,31,122
708
1149
1
2
1,27
572
381
1,70,404,414
104,116,149,447,619
1,181,1130
44,47
273
3,20
1,6
1
2472,3932
6
38
1956
0
74
812
1,697
170
1,1946
43
3
31,143
2,20,57,306
30,152,166,282,1203,1591,1733
43,89
199,4578
1
256,1564,2621,3085,5811
144
199,257
53,143
1
564
8,46
240
3
1,1510
3
1,6
3,20,74
3,257
0
512
2205
1,112
2,184
38
1
8
5,48
1,3
1
1
1,38
1,154,172
1,8
1
1,80
2566
146,253

32,170
372
1,832

1,3,44
1,102
1
184,257
6
26,164
44
35
2
1,3,154,890,1157
666,674
6
34,69,240,666,874
1
2,28,56
1,302
3
1
311
311
381
0,1,42,64,514
1
70
1,71
2,590
0,3657
1,29,242
6
1
1
20,193
181,1261

1113
1313
1,236
1
890
20,104
1,47,63,3778
5518
0
3,144,306
1
1
92,332
1,3,22,64,89,91,129,141,246,413
1,3
43,89,801
1,181
22
1,597,638
2,8,44
6,418
1389
1
2,8
107,244
199
1313
1
31,199
1,12,500
1
1
2599
2
1
514
1,61,284
246
0,2,8,840
3,44,56
1,8,3232
1
1
1,26,199
855
38
44,135,234
0,2,62,203,924,2159,2789
2,22,2713
1
390
3,6,73
103
249
236
61,69,247,625,4315,4722
2
1313
467
6
80
94
1
799
1
2
2
6,31,47
1
1
43,89
1
1,2
44,2681
1,27,54,143,181
1
20,28,51,116,128,131,277,447,720
170
71,436
458
1
4737
999
3,44,619
1,8858
31
436

55
583
6,144
1
94
42,398
1
20
8
2555,2768
688
1
101,112
1
1,34,741
365,1261,1325,2934
112
5,51,204
29,43,89,1067
1
1
0,43
1
1649
1
55
1
1,38,61
1
1
1,2,3,8,22,84,413
101
31
0,1,2,4141
3,928
5,62,138,203
8,26,28,136
1,247
2,1448
1,38,55,144,647
1,3,6
381
8
789
1,38
38
57
8,27,28
2428
1,16
1,86,129,413,983
11,12,49,463,540
8
1
1
6
1,9,70
35
2
1
1,98
131,160,420,430,901
1
288
30,70,143,434,1075
3
3,20,72,116,244
1
64,1747
1
1,128
3
1,38,143
1
3
1
381
1
1
1
43,89
6
1,2,26,40,55,144,261,413
3,26,344
1,413
162
1,48
199,436
38
43
1

43,89
1
2209
2
6,8,44,47,57,160,306,567,1288,2318
516
0,3,51,608
1
1
20,497
3
3,20
2
47,143
2
0,2
1
1
2,26,184,793,2002
1
43
1
44,151,184,926
1

1
1,2,3,9,28,53,70,84,135,296
739,3096
2334
136
43,89
187
92
1,3440
380,739,871,1541
170,1075
1,1717
3,8
2,224
1,64,872,2946
187
7780
1,8
2,735
1
3621
2573
199
8,28
1
44,404
380
2
61,146,246
3,74,123,660,2376
3,71
1,48
1
1,30
2,112
346
1
43,54,63,64
43
26,199
1,61,69,123,129,145,282,413,759
131,447,1477
1,8,69,84,86,141
20,447
1
0,1,2,240,494
0,2
2,44,57,140,306,422,457,632
3,8,57,103,185,422
269
1
8
1,8
92

346
1
6
42,43,89
3,87,184,185,307
1
170
170,1946
2,1149
3,103
8,234
2229
110
0,3,51
8,199
1
43,89
240,874
3
1
1,3,8,69,84,86,107,172,413
1
38
1
1
8
5,22,735
0,3,8,30,160
1,8,198
6
1,6,31
1
1
2,418
8,452
3,103
143
3,6,31,57,122,154,229,306,316,812,1488,2705
1
141,146,234

101
666,674
1
22
1,3
60
0,1,8
73
3,20
47
1,91,284,1268
208,1956
20,104,116
94
181,1261
232
43,594
6,951
2,3,184
8
8
3,6,8
1,3,6
199
1,2
48
381
1
6
198
1,31
3
1,9,48,63
692
94
98
633
380
149
1,54,63,181,284
131
92,332
1,112
8,516
61
1,2
80
1,3,141
240,874
8,46,207,226,763,939,975,3860,5625
0,2,31,42,61
92
457
1
436
38
1,340
1,3,8
3,6,8,26,92,332,1014
1
1
1
2,336,455
43
8,46
31,172,199
1,172
44
1,2,172

381
44,366
1
1
1,2,10,38,60,69,86,127,141,143,247,302,413,549,812,1158,2005
2
1
6,20,128,193,253,277

22
43,89
3778
48
1
1,57,84,103,137,162,452,1710
2054
43
1,2
196
42
0,2,3,471,853
2,92,887
6,31,57,128,199,306
1,3,26,28,135
8
0,2,5,154
8,143,404
44,164
27,28
127,281
6
63,5644
1
1,813
8,143
1,9
35,983
346
3,8,47,143
1,143,302,1729
44,56
2
26,72
3
1,26
112,127
103,911
38
38,826,1009,2705
1,2,3,8,44,46,61,84,156,172,224,255,306,1965
44
1,83,84,240,665
1,2
8
61,951
1
3,911
1
1,199
560
2,332,726
87,92,409
1
1
6,118,122,268,333
1
0,2,35,62
1
480
1
2,86
8
1,3434
1,6,31
0,1,2,61
86
6,57
1
1
164
2
48,107,136,234
0,20,55,144,447
1
10,72,219
1
44,47
30,112,152,166,367
1,84
2,28
1
1
1
57,473,2542
8,20,2890
2,72,86
1
55,144
8

132
1,129,172,205
8,729
6,45,94,150,333
55
940
8,47,154,366,404
8,1157
1
1
471
6
2,198
1,199
1
1,20,61,149,413
762
43,101
1,2
624
1,105,697,1218
3,8,58,143,181,346,637
1
1,8,53
3,20,51
1
22,731
5272,8065
6,288,497
2009
1
1
408,732,787,1416,1563,1882,2106,2984,3803,3948,4021,4920
4306
133,199
1,302
103
199
0,42,107,172,199,397,1353,2566
1
1,72,122
6
0,2,3,8
1,28,86,135,3566
1
1,222
1
164
412,2371
1
89,972
43,89
3
8
0,173
0,43,72
3,8,302,422,665
0,5,144,839
1,54,63,91,129,521
0,2,43,89,1321
1,112
34,538
1
940
1,60,86,143
0,1,34,232,463,553,721,879,5458
278
1
1
2,8,28,31,56,69,87,283,332,838,1084,3230
1,44,86,198
0,44,759,853
110,118,122
1,44,59
31
1,181,3473
48
1
38,61
1,42,55,144,154,470,1026,2686
2
20,149,193,447,4268
1,147
8,258
8,143
2,3,8
1,3,234
1,302
1,181
6
1,61,129,222
1,27,64,227,286
0,3,265
1
112
154
1
1,8,53,127,181

43,89
6781
3
0,1,2,22,54
235
94
2,162
336
0,2,61,124
3047
0,796
1
43
743
1

710
1,8
38
1
1,3,8,44,47,143,304,316
0,43,85,144,470,594,631
1946
1
1,10250
3
72
1,3
1,8,47,128,422
10,72,172
1
1,85,701
5518
1
1,8
53
5518
170,181
2704
1,2
43,89
1
1
1
56,146
1
4223
1
1,981,1157
61,85
20,61,447
1351
5005
710
1,2,63,154,259
20,116,500
2,16
136
0,2,31,69,154,284
43,89
6,55,122,144
1
19,418
6,26,306
1
3,208,467
143
1
1,141
1,28
3
6
1
38
10422
1,327
3,20
3,141
269
30,143
72,184
6
1
1

3403
2701
381
43
1
1
8,51
0,8,26,44,55,72,107,127,141,144,164,172,198,199,263,1527,2071
1
560
1
1
27,31
1,9,70
1,8,911
1
2,681
43
2,43
0,8,55,71
1
314
2,3,8,28,184
3,8,136,257,316,379,928
0,43,89
1,51
38
1,55,247,263
1
43
124
2
1
1
3
1
1
1,127
1,53,86
1075,6042
199
269
1,83,84
1
1
1
1
43,89
1
1,22
1
735
3
1
381
2,8,47,726
1,8
1
1,31,143
762
2,6,51,533
3,6,73,107
1
3
1,735
2,332
8
133
170,229
6,8,31,44,47,57,306,1651,9801
0,42,127,750,1012
1
357,1899
1,85,154
38
38
6,2672

47,63,136,316,369,893
538
43,89
1,9688
20,193
1
8,199,434
1,47
3,69
1
2,56,184
0
1,3
1,49
193,720
1
381
2
1,128
2,227
3829
1
1527
1,8
1,135,143
43
381
1
0,2,51,124,336,936
762
422
1
10469
1
43
1
170
8,685
16
3,8,128,164
38
55,940,8197
5518
143
1
8,44,185
244
1
1,86
6,31
47
2,6,51
1
0,8,71,186,207,2566
43
1
38
1
789
0,1,593
1
43,89
1
20,517,619
94
2
38
4903,8343
3,20,46,344
2,43
43
346
1,8
1,2
2,1157,3995
1
31,2112
1
3,6,8,31,48,57,136,242,306,3440

381
57
1
0,1
43,89
1
171
1

3,6,8,44,47
3598
587
436
1
1
1
813
2,3,26,92
288
1,8
20,31
1,44,129,135
1
6
1
1,3
232,10990
1
710
1,141,222,367

0,2,8
1
6,206

0,1
69,936
408,732,787,1417
1
1,2
43
2,3,5,8,22,35,51,71,166,213,383
1,3,127,141,160
1149

5518
1
1,2,3,8,44
6
1
1
170
128
1,28
0,1,2,5,7,62,69,302,1212
1,832
284
1
74,4574
1,2,160,518,2376
1

85,170
3
2428
1
1024
3,6,8,20
1,1025
1
6,8,57
3,20,43,467,3261,3262
22
6,318,3440
1

0,2,5,26,69,72,123,138,141,167,198,213,234,247,680,922,1258,1657
1
1,6
48
73
349,1149
1,31,47,181
198
1
2
1,63
1,107
1760
2
0,43,89
374
1,29
26,56,184
80
5518
1,3,136,172
582
3287
1,35
1,240,413
170,181
143
1
198
6985
3

0,2
43
3
1
89,5387
1,84
2,43
381
8,357
170,778
2,138
0,43,89
0,2,3,116,539
1,31
69
1
44,3778
1,2,51
2
1,1510,2613
1,2,283,632
1
89,1048
3,813
2,311,336
1,129
1429
234
43,54
4175
2
8
8
208
122
15,304
170
1,2,144,761
22
1
3778
1
231,289,789
1,69,72,2424
3096
143
8370
1

1,26,302
2
55,631
2
1,63,742
0,1,2
22,227
35
43
1
1
1
1,60,86,413,1158
31,94
8
43,89
1,404,504,3695
28,43,72
35
6,951
1
1,8
1
1,2,476
1,53,413
1
1
136,199
0,1,8,26,124
1
257
94,122
1

3
1,986
1
302
143

2,224,547
3
1
6,44,61,141,162,172
2,43
94
1

128,10250
1
1
381
1
0,2,20,116,214
5518
1
381
1041
43
8
624
408,732,787,1416,1417

381
269
517
284
1,8
1,8
43,89
2,22,43
2,286
8

3
1
1
6
92
1
8
3064
852
1
5518
6,184,633
2
1
547
43
2,72,1443
1
1
1
3,379
1,86
2,143,181
1417
16
141,362
1
3
8
31,45,144
6,28
771
1
1
0,2,172
1
26,184,457
1
1
1
47
8
735
1
1
6
1,3,257
8
2,8
1
0
6
31

1
2
1
5518
1

196
1
43,89
1
266,304
8,47,57,2289,9129,9801,11716
2,55,381,1321
43,72,89
912
57
15
8
1
6
199
380
8
162
1,665
381
2,184,185
625
2
1,2,61
143
56,184
80
56,72
1
1
1
43,89
1,2
4223
1,57
986
1,3,8,154,164,366
184,306
1508
1
1
0,43,72
1,86,198
170,229,304
1
1,240
473
1
1
6

51
381
1
1,181
381

38,404
38
28
55
170
1,382
20,55
3,55,156,172,619,1529,11509
1,8
0,1,468,1980
1
3
1
1,2,22
3
3
1,3,8,240
0,26,44
269
0,8,47,56,69,127,213,952
0,2,44,127,138,151
0,304
143
20
1,54
735
2
436,951
20
2,10,172,332
381
1
0,1,30,63,154,281
587
1
1
789
1
304
471
1,31,630
43
1865
170
1013
355
154
1,62
0,2,43,89
381
6,26,31,47
254
771
1
2009
240
1
1
0,2
8,1219
1
284
1
2,20
110
2089
43,89
1,84
20,344
1
1,3192
1
1
31
1,3
208,533,594
748
771
1,240
2
92
162,214
3456
20,110,214,307
1
31,112,3320
517
1,26
143
1
8,47,136,164
2,110
2,224
1
2,43,89,129
6
2,43,89
8
6
1
6,31,94
1
170
1
1
1
170
2,124,726
31
1,3
710
2,8
2,8,64,87
2,22,54
20,517
72,89
1,181
164
31
384
2,8,20,22,35,57,69,74,138,372,869,2326
1
0,123
2
22
1,8,135
1,939
366
143
6861
1,86
15,38
5518
1
2,20
332,349
232
170,304
4223
1817
1
232
15
1
1,2,3,8
103
436
2
2,3,840
1
1,135
497

6
771
44,170
3
6
3,20
1
1,284
1008
5616
1,129
1
2
381
38
409,1904
143
2,123,514,1321

1
5518
1
1158
1,31
2214
1
1313
43
3792
143
3,8,57,59,63,70,154,160,185,304,306
43
1
1,8
436
1
1
44

92
26,72
6,31
1
4223
1
1,22
1649,2206
1
1640
6
990
16,31
1
3,8,160
61,103
1,6,181
771
8
1,8
53,184,2713,3788,7911
137
2
3,8,57,1540,2130
143
43
2
2
2
6
44,170
2701
43
471
1
31,110
43,89
3,20,72
1,141,172,234
38
3,8,20,234,306
6,38
1,44
2334
22
1,9
1
269
0,1
47,304,434,1137
5222,5397
1
43
1
1,3
143
43,89
1760
1
43,89
286
170
143
160,185
3,6,8,31
0,257

3
1635
0,987

167
3
1
1417
1
1,8
2,224
357
38
1
43,72,998
1
1,53,198
101

20
1
199,434
105,1419
85
38,686
92
170
1,3
1
1
497
8,28,258
1
1,2,8,20,53,55,69,141,513
47,3778
633
42,10250
1
31,333
593
6,94,229,264,2269
381
2,43,89
57,198,306,422
1
6861
43
22
2,8,2091
285
214,467
1
6
2
2
3047
3
43
489
73
0,1,6,26,44,141
69
381
43
710
8
2701
44,1092
381
53
771
1760
1
3,8,28,110
735
170
2
30,31,154
0,1,53,84,141,759,1198
1779,8858
44
1
1,51,53,129,163
143
1,141,284
8,143
1
1,129,9923
1
35,335
26,107
57
43
1
143
1
47,70,170,404,468
1,84,260,302
1
1
57
2,144
1
1
1
6,8,184
20,104,116
1
0,3,8,44,57,103,306
1
4234
2,43
1359
170

398
31
6
43,739

1,286
3
381
1
43
1,38

1430
1,63
1
20,404
43,89
1,697,1158
1099
128,232,1119
467,11627
43,89,1321
2
1,3
170
31,144
1,63
240
1,404
0,108
3
1
1220,6306
1
1,404
3,8
232,879,949,2938,8015
0,1,2,84
146
1
136,344

8,12,44,174,500,2051
5518
381
1
1,31
199
2,26,103,185,708
3
11,43
0,2,4141
1
374
1
22
381
1
43
1
771
6,570
1
2428
381
232,741,949,8015
1
5616
1760
107,251,2470,4080,6536
2,10,72,219
990
1
6
42
2,43
43,89,1321
743,1324
633
73
0,92
103,199
43,72,89
1,3232
73
4590
1
1
3
1017
1
1
1
436
8,47,63,143
874
1,1816
1,2,56
314
47
31
60
1,2,146
1,3695
38
43
666,674,1222,2209
86
171
1,53,404,468
1
1
1
1,222,302,494
20,72
61,281,1589
1
1
1
1,2
436
0,31
986
1
38
1
232
1
2
43,89
1
20
47
1,3,8,42,144
1
1640
1
3,6,31,44,122
1
1
1
1,2,3,6,20,47,69,136
3,20,467
771
8,57
1
771
2,467
43,89
1,31
925
1
1760
1

170
53,666
38,135
1,3,63,181,468
1
143
1
43
0,2
3778
43
2701
1
94
208
170
2
1
1
1,3
0,2
43
380,1541
2360

2,3,8,2196,4458
9842
35
1
1,54
0,1,2,34,84
6,31,122,263
381
0,1
1
1
2
1,3
2,61,72
43,72
6
1,1729
771
1
582
1017

771
1
1035,1283,3567,5972,5976
0,2,22,35
422
5
1
3,208,1656
149
8,404,891
1,2,44
1,84
1
1,3232
372,11513
3,20,257,316,566
1
2
103
2,8

1
38
138
0,1,236
47,3778
1,22,69,72
1,6,44,141
802
8,57,306
735
1
160
8,46,226,494,3074
1717
60,735
1831
1,1219
0,1
1
8
1
1,146

1
1,31
3,61,92
1
1
43,1067
1
38
72
1,222
1
86
1,240,874
1
143
1946
253
92
408,3803
1
8
26,47,57,304
170
2768
30,366
2,20,224,455,1965
7769
57
1,3,141,284
199
1,26,141
1
7908
1,2,34,172,236,409
1,72
57
2,8,390
1
6
3,44
583
222
170,1758
6850
26,172
3
78
1
1,70
381
1
0,3,259
232
6
0,1,2
103
63,78
199
38
1
1
2,3
1
771
1
1,8,48,92
3000
8,185
43
422
1,302

1,2
1,3,8,143
1
6
2,512
2,16
1
38,58
0,51
1,83
1,3
1
539
0,1,172,302
6
0,2,43,89
1
0,240,521
2,343,493
1603
0,8
1
6,31
2635,10702
0,2,55,144,186,318,697
8
26,184
0,43,594,1067
0,22,383
43,89
43,89
2
0
2,224
31
0,2,22
771
3,8
3
1,2566
1
1
232
1640
60,165,2096,2267
2,224,1099
6
381
2,57,103,269,887
47
8
136,569
1,31
771
1
436
55,144,246,494,803
3,47,257,379
1603
47
0,8,46,51,154,466,611,997,3176,7533
57
43,89
1
8
1
2,336,936
22,43,448
232
43,89
1102
6
2213
103
43
3
0,1
44
3,20,116,277,1730
5518
1
1
135,181
1,480
1
771
43,72,89
1
1
1
1
2,737
8
1,3695
2
6,730
38
43

3,8,92,349,366
6,390
381
0,2,203,232,949
43
2,146,2550
1
380
1,2
3,57,128
698,2229
633
1

54,240
2608
1
43
196
6
1483
20,173
1
6,8,116
47,234
6
1,3
43,89,132,631
6
1
2
8
1
530
1
1,2
55,144
170
8
112,2263
1
6
43
70,170,181
1,2
54
0
1
1
3
1
3,104
1
7820
1,84,129,222
3,8
538,879
6
2
447,709
771
35
162,208
0
0
1
249
20,193,517

15,38
1,57
1

1,8
1
1,38
222,697
2717
1


2164
1324
127
164
539
31
170
5710
1
6
8
1
199
6,94,229,893
170

1,181,737
1,70
27
0,1,2,8,9,26,30,78
43,89
1
28,2681
44,1219
35
381
2,27
3,26
1
1,3,61
1024
1,44
1,2
1
72,380
538
0,3,8,103
1,84
564
1,26
35
6
771
3
1760
1
47,57
380,951
0,3,8
1
143,548
73
55,144
1
31
1
1,55,154
1
6042
8016
2
8
2,103,318,3797
1
1,2,357,422,719
203
286
116
35
112
2,53,135
3,28
0,1371
0
63,170
3,8,44,56
449
314,3168,4315
35
1,2,3,8,1245
0,3,8,257,316
57,199
2
22,54
6861
2,3
1,22,135
1
905
1,20,92
1,3,8,20,447
1,61
1
1286
1
1
170
43,89
743,1324
2,280
0
143
381
2
1
1,20
2,6,500
0
5518
633
43,89
31
103
467
3
0,1747
1874
1
778
26
1,1729
1
57,388
1
8
1
1
3,8,73
3,138
1
1,414,1199
1
6,31,144
1,57,302
381
1
1
1,468,1025
232,949
1
0,1,123
22,500,697
624
1
1,123,129,141
1,3,20,28,69,72,92,143
1
1
2
1,53,135,236
1
1
4234
1
346
43
3,86
31
5518
2
1
1,8,28

1,74
2,1747
2
1
31,59
1796
6,268
3
0,1,2
144,199,434
1,6,31,59
1
381
447
2668
43,89
1,3,20,116
0,2,8
1
1,141,284
8
38
143
3,6,20,306,1480,2210
0,2,43,89
6
232
177
3
3,316
107,390
170
124
1
1
1,6
43,381
72
1
689
1
381
1,29,83,129

1313
1,53
5141
1,6
43,89
43
1
112,1819
1,53,61
1
374
1
2,164,184
1
1
31
6
15
92
1324
1
143
199
70,170
771
43,5199
0,8,20
922
8
8
4108
5518
1
881,1099
3,8,44,47,136
367
623
3,20
43,89
15
3621
105
43
1,55,154
43,72,89
3
1
2,6,2213
1

47
1,3
2,3,47,940
38
55

1
1
2
2,3,626
170
269
133,199
1,64
1830
1067
1
1,2,123,753
172,198,476,3230
1,64,414
8016
1
232,949
1
150,491
57
1499
269,697
38,128
3,6,20,73,118
38
1
1
8
1
1
5518
1,8
3
1
1
196
1,20,53,295,447
8
1
1
1,181
288
1899
1
273
43
8
771
199
1,53,58,72,183,413
1,222
2,8,72
6,31,94,229
103,2990
1
8127
1
1
203
43
6,172
1,154
143,185
1,3
1,35
8
1
381
43,89
3,415
1
1
1
8,2566
1
1,53,135
1
56
2701
1
3096
306
2,43
0,1,20,51,116,193
381
3,6,20
1
1,3
1,2911
2
0,1,2
3
1,44,57,103,951
269
45
170,304
83,842
1,31
1
43,89
1,22,7790
3,72
1,53
3
3096
196
6
1
143
1
372
1,60,83,84,500,2713
3
1
2
1
1,260,1008
1
1
1
94
1
5068
2933
1,5710
3
1
381
1448
1
1286
3
1
625,926
1603

1,26
1,2,164
58
0,6,118,122
31
8,344,1613
72,350
1,413
1,3,172
1,2,3,6,8,20
0,346
1
1371
3,156,273
0
122
1
398
1
429,523,3874
939
381
1
1,1798
14
170,497
28
216
1
6
1
154
1
1,2412
43,89
170
8
1
199
1
0,2
170,1457
1646
771
5518
2,43
1
162
43
1
170
72,1649,4491
1
101
1760
1,10088
3
184,2002,2283
1
105,203,367
789
8,10250
1
24,31,44,57,103,128,184,3778
9672
1498
1,667
1125,7363
44,47,304
8,57
1
22,89
170
2
1,84
1
170,304
8
1,5710
1,30
72,286
2,1021
8,78
6
47,103
1
3,8
1
3,8,20,44,47,70,104,136,497
43,89
6,45,122,229
6
1,64,181,2355
199
4223
1,61
1
1
3621
2
103
1
43,89,1321
381
3,107,141,172,1199
1
6
43,89
1
31
0,43,89
1,2
0,1
8
1
381
1
2428
143
196,819
1
2009
1417
771
136,789
1
1,3,141,284
1,26
61
1
198,304
1,49,61,135,540
1
2,1595
5518
47,170
38
170
55
198,304
1222
0,2,8
73
57
381
1149
35
44,2672
58
346
31
8
905
1,31
1
1,3,8,49,86,129,198,399
43
3998
1
43
940
1
1
1
240,874
1
1
6
6
1024
8,38,57,181,304,2360
8,980
43
4597

1,86,376,1655
6,26,172
1,2158
1
1
311,1082
6
3064
1
1
170,181
2,533
2,726
31
1,3
43,89
20,193,214
0,474
43,89
170
1
1
2986
1
1
6
2,5,7,9574
1
372,762
357
3
3
436
2704
43,219
1,2
43
1,874
0
0,38
1
1
1
164,257

143,2013
43
1,3
53
2
3706
43,89
1,249
61
1,2
44,47
38
1
0,1,110
1,3,70
1
1,4214
2,6,31,3230
1,2
8
1
6
2428
1
1
538
8,306
43,60
57
2,61
143,181,3778
1
5518
8,143
8
1
6,31
61,72,1324
3,152,339,341
143,181
1
6,160,422
0,2,3014
1,38
251
3
3,6,104,184
1
1
34,1904
6
26

2611
43,89
232
1
1
2
1747
8
6
170,181
1
8
381
263
1
1

1,34
381
1,2
1,128
1
304
44
8
1865
44
2
1
1824
0
43,72,89
1
3,20,116
181,1088
1
43
2,124
20,193
43,89
48
2,6,8,306,526
2701
232,879,4049
2,124,9258
1,64,72,222,2632
63,143,181
170
1
43,112
1
2620
538,762
2
1
94,118
1
31
666,674,1222,2209
1
3,20,1149
1498
1
381

2
1,306
1,2

2,8,224,4588
170
162
143,181

5518
5364
0,72,4597
1,2
43
203
1,31,154
2686
1,3
1
5616
3178
180
1,64
1,10
1,3
1,986
44,47,187
1
1,2
1,72
43
311,1026
269
232,949,1055,4262
1
1
1
1
35
332,688,6529
3,8,306
81
8,63,135,242,737
3,47,103
3465
196
467
885
6
1,3
26,234
26
198
69,514,1096
1

2
1,63
1
170
185
57,103,893,1288,11716
1,2,48,123
43
58,170
1
549
1,58
1,3064
55,144
43,72,89
8
43
3
1
44,47,128,164
587
10,152
43,89
8,46
43
59,143
1
146,219
10,72,423,983
57,422,5333
1769
6
972

255,629,928
6,144
6
1,26
1
20,193
286

1,22,72
0,2,5,7,57,62
38
232
1
43,89
43,89
1
72,2864
193
38
1,103
3,8,38
2
1
43
170,1080
1
38
11600
1,8,46,86
43,89
0,6
232
9582
72,74
3,6,8,20,116
1
1,31
63
20,116
6
6
1
1
2
8
940
381
771
778
3,20
2334
1,2,3,138
436
1158
1
2
8,56,69,110,141
1159,4608
3207
1,3
1,172
101
6
8
1
34
1
6,8,184
31,333,2376
1
170
199,497
1,53
414
1,181
44,306
4223
1
2,28,56,61,92
89
409
1113
43,89
2,3,6
38
31
0,69,240,887,2005
31,10088
6
8
1
398
0,43
1

6,31,112
196
1
2994
166
15,33,288
1,2,3,8,22
1
1
1
1,128
381
0,2,5,8,20,57,172,269,332,504,1233
2
22
1351
0,1,2,3,6,8,26,28,47,57,156,198,269,304,306,379,494,928,1248,3489
1,31
61,199,422
1
1
381
1
193,1477,1807
1
2
89
92
263
6
1
60,165,2096
1
1
381
8
8,500
6
199,726
0,43
0
38
6
31,85
43,614,5604
1,26,44,47,63,136,141,316
92
198
206
43
0,1,2,8,124,382
881
1,1729
1477
44,47,136,164
26
0,20,447
1
26,172
2
743
1
1760
1
3,4197,7769
615,680
43,89
6,94
240,874
1
136,170
735,1113
154
1
26
1
43
1
0,2,22
164
6
1,2961

44
2023
1
3792
409
1660
0,3,6,20,44,116,253,277,1214
44
0,2,42,124
44,136
3000
0,43
1
1
1,302
0
0,2,43
1,302
1
3,173,208
1,8,246
6
43,89
85,143
1
1
2
1,8
1,2,26,28,181,332
2
1
48
1
94
3,20,748
1
2
474
2,55,144,318,470
43,89
44,47,122,141,306,318,422,789,812,1467,1483,1488,1758,3440,3598
1
1
1,44,72,145,154,172,181,234,260
286,960
6
43

1
38,53,242
6,44,57,306,422,3925
1
6,31,94
1
1
8
44,47,59,187,304
8,665,4039
1,2,30,44
3,8,198,2625
1
8,38,53
1216,2229
136,569
8,143
1,302,9268
2,3,8,57
35,357
771

144
2,26,56,103
335
85
8,1157
1

1,665,1830
771
1,160
1,3,8
0,2,3,6,8,20,46,54,57,103,138,160,269,2318
1,3
1
2
1
8
1
9735
89
1
61
6,154,211
434
1
34,92,123
1113
1
196
1,500,688
146,958
170
0,1141
70,185,404,468
47
1,26
1
1
3
613
890,951

1,154
6,57,103,2542
43,89
1
1,236
1,181
1
2
1
240
1
31,122
1
31,143
771
0,2,3,6,55,144,514,5839,7570
1
154
38,53,143
6,172
289,947
43,89
196
3,8,30,46,151,152,160,412
72,1324
2
1
1
3,3537
1
6
1
1,8,259
0,2,43,89
1
170,468
92
55
173
381
213
381
6,31,47,94,141,306,4404
2,6
381
199
2,373
3
1,44,172
38
368
61,199,422

3,8,44,47,136
170
47,304,306,630
43
1113
0,43
20,193,214
1149
0,1,35
1
1
1
771
6,45,94,229,264
22
31,154,229
1,55,83,146,222
26,140,457
3
2,55,144,470
1
1
8,38,47,63,242,404,630
1
1
85,199
44,47,306,3108
346
1,2
381
1313
8,171
3,31
0,2,144,172
1
28
143
1
1
9582
1,3
43,89
1290
1
1
54
94
1
38,686,826
6,8,143,185
500,4231
31,38,59
1
60,2411
5031,8555
0,2,71,224
6

1,53
1,31
43,89
0,1,2
103
43
4223
1785
6265
6,1510
1
8
1
1
3,8
1
1

1,3,141
2
940
74
3,44,154,198

409,1904
92,1758
1
94,441
1
38
43,594,648,1804
53
1,172,4354
6641
1
60,5518
1,2
5798
240
232
4131
2,6,184
1113
1
22
1
170
10103
6,31
0,1,55,86,144,761
2,262
1
1
1
31,42

28,227,286,1152
114
1
5745
38
8,70,143
381
27,43,89
1,53
1
1603
2
0,69,81

4586
1
1,31
206
4648
1,1008
2
2,167,680
1324
8
2,3,225
44
0,584
311
2,153
1
380
199,1288
1,31,181
666
57
8
256,3085,3284
0,1,2,61,413
56
53,143
0,2,103,172,557
3,20,720
1
1
1,404
458
1
1
8
1,302,9268
1,222
1,9,44
196
1,302
1,3,8
38
1603
58
1,54
6,13
1
8,164
103
143
2
1
6,8,44,47,57
1199
170
1
199,434
170
240
6,143
26,369
2,1824
1
0,1,2,20,145,204
771
697
196
1,22,697
1
3,8,20
217,549
3,6
1,3,8,135,141,198
162,208
8,907,939,11902
1,181
38
1
2,26,55
1
771
2,8
105,166
170
108,284
304
1
43,940
1
2,500
746
185
3778
31
771
43
43
1,665
8,199
474
1,885
1
1,648
184,497
6,31,441
1
3,8
1,1589,5217
170,185
1
0,2,3,28,35,51,198,224,2005,2886,3466,3783,6145
1
31,94
1
583
1
1
38,85
665
83,84,143
1
2
5518
1,5644
8
3
1
43,72,89
112,557,2186,7537
0
381
381
1,3
564
160,735,3103
1
199
346
127
43,89,557
43
240,874
57,369
3
0,2
3
43,112
794
1325
51,61
1,31
1,31
43,89
1,46,84,86
0
381
1,181,890
2,286
8
1
8
2,43
1
1
22,538
8
284
1
5397
1017
170
1
171,199,1075
1,141
0,2,3,6,56,69,136,141,184
1,61,72,172
3,6,789,3598
1
1
3,184,273
1,44
398
0,55,144
143
0,2,5,137
6,2229
257
9383,11833
1
44,240
43,89
374
5199
1,8
1
85
6,31
56,61,92
2,43,89,357
1,8,28
3,103,144,185
1
20,193
38
0,5,62,127,198,455,1937
3,198
940

381
1
92
1,2
57
1
1457,4303
1
38
198,264
234,273
8
2926
771
1
1,141,284
8
6,31,45,229
1,172
1
6,55
1
6,31,94
1635
8
1
43,458
43
30,43,72
3,8,136,928
232,1609,4262
6
1,2
4131
55
381
1
38
1
43
1
43,89,481
35
31,150,491
3,46
0,873
199,422,5850
1
6,170
2,22,1321
2,6
143,548
170
170
8
43,89
2,43
11,43
1
44,273
1,3,20,73,156
1
304,686,1508,2047
743
257
43,112
1
10340
1,2
1
2606
381
38,55
43,72
1
45,56,94
1
1,38,143,2961
1

223
44
154,172
232
2,3,6,8
3,20,72
1,2,22
1
38
38
43
4942
1,1158
6604,8718
2,44
1
1
43
3,6,8,30,44,47,160
1
8,44
94
3,8,306
43,89
8
232
286
1,8,748
0,1,3,8,28,135
1,181
3,20
31
2
136
105
232
1
8
1,8,28,53
381
731
55
26
1
8,980
1
1
1
1,2
31,94
43
143
122,164,172,1014,1084,1321
1
38
94
6
1
1,31,44,56,143,247,457
16
162
1,53
886
0,2,57,103,124
0,38,85
2
3,72
31
136
43,1313
1
771
381
1,2
38,686
55,89,101,105,112,203,557,594,825,1917,1947,2941,3087,7749,8442
434
0,2,8,22,49,54,55,69,141,234,301,538,2148
8
1,1779
4223
1
2,57,224,943,1965
1,3,8,1480
0,2,43,89
43,89
1747
2,5,6,62,123
1
1
0,2,3

4223
20
2,22
1,53,59
199
8000
1,86
43,89
170
1635
1,53,154,281,593,890
34
1
44
6,344
2819
1
6
1
618
1
1,10263
38
26,53
4608
43
43,89
28,61,633,1149
2,43
38

143
3
1
1
43,72
1
22
1768
315,7720
2,72
813
240
1,181
2428
0,27
3
143
3
2,3,8,20,57,94,103,337,2606
198
8
2,57,2542
1
1,2,840
6,44
16
1
1
8
8,199
43,10196
1158
8
31,94
1,72
1,86,174,181
43,89
0,2,43,89
381
5518
3,8,893
1,2
31,201
1
1
1
57
0,1,28,53,737
1
51,123,204
771
3,286
2
2,6,51
1
1
43,89
1474
1
43
0,193
1
346
3,20

2046
1498
1
1
1415
138
1,8,47
530
1
0,2
1

44,47
1,8
1
8
0
3778
1,253
257
1,43,72
1,181
5518
193
144,240
35
153
1
1,84
3695
94
45
44
3
43,89
307
118,122,141
4513
94
1,3
1
516
61,269
43,89
43
4208
1,590
43
1
1
43,89
590
43,89,101
1
44,47,57,136,316,630,3778
1
1
2
1,55
2
1,2
2,246,336
43,89
199
61
1,16
1
72
1,2,28,63
1
1
44,56,57,140,549,1022
3,20
1,2,72,146
1
1
1
57
8
47
1
240
1
1
1
154
939
2,47,56,1548
8
1
43
128
1
1
1,1025
60,165,2096
0,1,2
1
43,89
170,181
1
47,170
1
217
1,86,240
762
1
2334
1
6,86,141,234
1
1,38,143,1760
43
1
381
170
0,72,92
6
759
778
1
514
0,2483
7705
0
8
0,692,2566
1,737
381

89
1
47
2
0,2

516
8
30
1
436
1,181
8
799
31
2,26,28,47,56
5518

6,31,94
2007
38
1
381
285,594,1477
1
1
2
1
22,756
762
702
1
1,3
288
771
170
44
3
3232
61
1
1946
1
3,273
8
3,8,26,47,136,151,316,337
436,789
8,46,3074
1149
1
6
47
422
593
1,227,983
2,3,44
5518
1150,1220
3,20,357
6
1
1
57
1,240,413
54,375
447,1477
6,31
94
43,89
1,53
56,72,357,585,905
2,3,6,31,184
590
2,72,390
199
1
2
633
42
1
1
6
1149
1324
58,89
27,28
350,7299
1,742
3,47,306
3,20
381
1
2
2,404,737
1,2052
61,87,92
3119
3,225,747
22,1095
43,72,89
1
1
1
42
332,1149
95,893
1,2
1
72,162
3
2
587
0,1,8
38
1
1,3
1559
737
1527
3,136
1146
122
6
2214
2,28
2,8,500
44
2
986
1
38
500
43,6206
1
1926
72,924
624
1,2,72
1
143
1
381
8,143
2,104,344
3,6,20
1
2,20,51,116,123,193
2
5541
0
48,144
5518
0,5
1
13,32,201
1,8,135
1
2
771
1
0,43
381
1
739
1
22
1,48
2,856

1
2,124,533
8
1477
1
48,70,85,184,249,1017
1,154
1,6,31
94,144
7088
31
665
3,20,124
6,31,94,150
1,181
0,2,3,8,44,46,55,57,69,71,103,141,144,891,1141
2428
799
38
128,951
26
3,8
381
1,2
6,20,533
31
1
57,7443
1
1,11
587,3242
8
1
771
3,20,346
789,2253
1,302
15
1
216
8
3

1,181
2
1760
2,47
43,144
38,889
10646

2,72,107
8,20
3
1,2
1
1203
4588
8,57,226
3,887
1
471
1
1
1
2
1
3,6
3,379,2625,4197
92
1
1,8,47,154
1784
51,69,110,141,151,154,533
0,1,8
382
48,63

1,84,227
8
1,181,302
1,86,222
5491
1
1,85,141,284
1,54
304,306,366
38
3,73
1,69,107,127,302
6,31,94
3,306
1
38
1
8
2
1708
57
170
10250
771
38
1

3
1
199
143
1,38,143
3,59,355
199
2620
3,45,229
314
8,170
170
1508,1946
1
0
5518
381
1
2,3,8,27,156,224,337,375,943,1207,2213
1
1
771
1,61,137
1
1
583
3
1
0,3,20,74,116,156,447,660
0,62
1
3,8,240
51
1313
43,89
6,31,57,127,306,3925
199
0,1
80
1
1
2,224
2229
1
381
43
1
85
1,53
170
2,43,89
735
46,198
1
1
5
1
5617
436
136
587
1,3,6,8,31,306,2009
1
2,3,20,87
1
2,726
4223
8,47,144,185,1157
3
1,2,8
458
1,20
162
9582
2
43,607,1788
72,240
55,144
1
5018
13,31,32,42,57,98,141,380,1541
31
1
3,71,316,928

1
2
381
0
20,342
22,89,314
3,26,47
1
8
6
1
1
2
2,3,20,44,104
1
368
1313
38
2780,3440
2
1769
1008
2,3,20,44,116,282
1,1222
56
0,2,43,89

8,44,141
311
2403
1
1,3
6,8,184
143
1,6,31,1080
3
1
8
1,102
2,7246
1,302,9268
22
43
2,2452
0,2,10,15,16,33,288,3657
2,61
1
1,3
8,57
2
314
408,5012,11230
1
8,143
0,2
2,3,8,57,103,162
1
44,47
1,20,92
1
0,1,2,26,31,92,110,184,1341
8728
1,16
43,112
1,70
170
1,1225
1,2
1,3
1
31,434
381
20
8
500
43
20,404
1220
1
1
199,261
1
43
1
1
199,434
2,224,943
10804
986
2,1448
1,135
199,434
0,2,5,7
1
3
9582
1616
31
1

31
735
3
1,2,3,8,22
1,146
2,3,5,8,57,207,1448
1
1
47,57,164,422
381
1,8,38,143
199
43
2
318
1
0,1,2,3,5,6,22,56,108,1047
2,27
1,84
61
1,4093
1
1,46,172,199
1,53,55,1084,2721
452
1,31,69,129,141,491,983
174
43
0,2
799
381
38
1

1,3232
632,1022
3,28,110
43
3,1315
5518
1407
2
374
1
547
2721
1313
1,302
43
2,44
63,143
8,306,567
56,184,1498
6
2
1
72
184
8
6
2,5,278,762
498
1
2,181
1,3,31
3
0,2,43,89
1
73,116
1,8

43
26,47,184,304
5518

1
1,2
497
1
3
56
38
8,136
1
0,1,2,3,8
3,8,56,116,124,332,1638,2452
38
104
1
1
2,8,51
1
1
92
61,1324
2
170,468
1430
92
6,951
1
1
2844
0,2,8,71
1
240
1
103
5518
0,2,232,4262
1,2,22
43,89
3738
60
60
731
8,70,1220
0,43
1
1,2360
3194
1
43
1
3
482
1144
1,2586
1946
170
1
257
1,1157
89
89
3089

6,47
381
1158
1,26
666
5,22
8
0,3
43,89
43,89,101
6,31

8,20,184
8,57
1
1
2,43
1,3,284
1,44
57,418
1
3
